{
	"layout_end_page":{
		"modelo":1,
		"subtitulo":true,
		"footage":true,
		"foto":false,
		"foto_layer":"-------",
		"pattern":true,
		"pattern_layer":"comp_pattern documentario"
	},

	"servico_end_page":{
		"titulo":"Document�rio",
		"subtitulo":"NOME DO DOC",
		"formato":4,
		"semana":8,
		"dia":10,
		"mes":9,
		"hora":23,
		"min":0
	},

	"aparencia_end_page":{
		"tema":5,
		"logo":"#F2F2F2",
		"titulo":"#E53131",
		"subtitulo":"#F2F2F2",
		"apoio":"#E53131",
		"horario":"#141414",
		"horario_base":"#ECFF8C",
		"footage":"#343434",
		"pattern":"#333333",
		"fundo":"#232323"
	}
}