{
	"layout_end_page":{
		"modelo":1,
		"subtitulo":true,
		"footage":true,
		"foto":false,
		"foto_layer":"conti.png",
		"pattern":true,
		"pattern_layer":"comp_pattern dialogos"
	},

	"servico_end_page":{
		"titulo":"Internacional",
		"subtitulo":"COM MARCELO LINS",
		"formato":4,
		"semana":8,
		"dia":10,
		"mes":9,
		"hora":23,
		"min":0
	},

	"aparencia_end_page":{
		"tema":5,
		"logo":"#E52E2E",
		"titulo":"#231E1E",
		"subtitulo":"#231E1E",
		"apoio":"#231E1E",
		"horario":"#141414",
		"horario_base":"#ECFF8C",
		"footage":"#E32323",
		"pattern":"#ECFF8C",
		"fundo":"#B2B2B2"
	}
}