{
	"layout_end_page": {
		"modelo": 2,
		"logo": true,
		"titulo": true,
		"auto_title_case": true,
		"subtitulo": true,
		"data_e_horario": true,
		"apoio": true,
		"foto": true,
		"footage": false,
		"pattern": true,
		"foto_layer": "conti.png",
		"pattern_layer": "comp_pattern dialogos"
	},
	"servico_end_page": {
		"formato": 4,
		"semana": 8,
		"dia": 1,
		"mes": 9,
		"hora": 23,
		"min": 0,
		"titulo": "Diálogos",
		"subtitulo": "COM MARIO SERGIO CONTI"
	},
	"aparencia_end_page": {
		"tema": 5,
		"logo": "#F2F2F3",
		"titulo": "#E52E2E",
		"subtitulo": "#F2F2F3",
		"apoio": "#F2F2F3",
		"horario": "#141414",
		"horario_base": "#ECFF8C",
		"footage": "#E32323",
		"pattern": "#333333",
		"fundo": "#231E1E"
	}
}