{
	"layout_end_page":{
		"modelo":3,
		"subtitulo":false,
		"footage":false,
		"foto":false,
		"foto_layer":"-------",
		"pattern":false,
		"pattern_layer":"-------"
	},

	"servico_end_page":{
		"titulo":"Conex�o",
		"subtitulo":"SUBT�TULO",
		"formato":6,
		"semana":8,
		"dia":10,
		"mes":9,
		"hora":9,
		"min":0
	},

	"aparencia_end_page":{
		"tema":1,
		"logo":"#E53131",
		"titulo":"#141414",
		"subtitulo":"#141414",
		"apoio":"#141414",
		"horario":"#141414",
		"horario_base":"#ECFF8C",
		"footage":"#E32323",
		"pattern":"#B2B2B2",
		"fundo":"#F2F2F2"
	}
}