{
	"layout_end_page": {
		"modelo": 1,
		"logo": true,
		"titulo": true,
		"auto_title_case": true,
		"subtitulo": true,
		"data_e_horario": true,
		"apoio": false,
		"foto": false,
		"footage": true,
		"pattern": true,
		"foto_layer": "-------",
		"pattern_layer": "-------"
	},
	"servico_end_page": {
		"titulo": "Digite O Título Aqui",
		"subtitulo": "SUBTÍTULO",
		"formato": 4,
		"semana": 8,
		"dia": 10,
		"mes": 0,
		"a_partir_das": false,
		"hora": 16,
		"min": 0
	},
	"aparencia_end_page": {
		"logo": "#141414",
		"titulo": "#F2F2F2",
		"subtitulo": "#F2F2F2",
		"apoio": "#F2F2F2",
		"footage": "#141414",
		"pattern": "#141414"
	}
}