{
	"layout_end_page":{
		"modelo":2,
		"subtitulo":true,
		"footage":false,
		"foto":true,
		"foto_layer":"conti.png",
		"pattern":true,
		"pattern_layer":"comp_pattern dialogos"
	},

	"servico_end_page":{
		"titulo":"Diálogos",
		"subtitulo":"COM MARIO SERGIO CONTI",
		"formato":4,
		"semana":8,
		"dia":10,
		"mes":9,
		"hora":23,
		"min":0
	},

	"aparencia_end_page":{
		"tema":5,
		"logo":"#F2F2F3",
		"titulo":"#E52E2E",
		"subtitulo":"#F2F2F3",
		"apoio":"#F2F2F3",
		"horario":"#141414",
		"horario_base":"#ECFF8C",
		"footage":"#E32323",
		"pattern":"#333333",
		"fundo":"#231E1E"
	}
}