{
	"layout_end_page": {
		"modelo": 3,
		"logo": true,
		"titulo": true,
		"auto_title_case": true,
		"subtitulo": false,
		"data_e_horario": true,
		"apoio": true,
		"foto": false,
		"footage": false,
		"pattern": false,
		"foto_layer": "-------",
		"pattern_layer": "-------"
	},
	"servico_end_page": {
		"formato": 6,
		"semana": 8,
		"dia": 1,
		"mes": 9,
		"hora": 9,
		"min": 0,
		"titulo": "Conexão",
		"subtitulo": "SUBTÍTULO"
	},
	"aparencia_end_page": {
		"tema": 1,
		"logo": "#E53131",
		"titulo": "#141414",
		"subtitulo": "#141414",
		"apoio": "#141414",
		"horario": "#141414",
		"horario_base": "#ECFF8C",
		"footage": "#E32323",
		"pattern": "#B2B2B2",
		"fundo": "#F2F2F2"
	}
}