{
	"layout_end_page": {
		"modelo": 1,
		"logo": true,
		"titulo": true,
		"auto_title_case": true,
		"subtitulo": true,
		"data_e_horario": true,
		"apoio": true,
		"foto": true,
		"footage": false,
		"pattern": true,
		"foto_layer": "natuza.png",
		"pattern_layer": "comp_pattern miriam"
	},
	"servico_end_page": {
		"formato": 6,
		"semana": 5,
		"dia": 10,
		"mes": 9,
		"a_partir_das": 0,
		"hora": 23,
		"min": 0,
		"titulo": "Central\rGloboNews",
		"subtitulo": "COM NATUZA NERY"
	},
	"aparencia_end_page": {
		"tema": 5,
		"logo": "#2F2A2B",
		"titulo": "#E7393A",
		"subtitulo": "#141414",
		"apoio": "#141414",
		"horario": "#141414",
		"horario_base": "#ECFF8C",
		"footage": "#E32323",
		"pattern": "#E1E1E1",
		"fundo": "#F3F3F3"
	}
}